<?xml version="1.0" encoding="UTF-8" standalone="no"?>
<catalog id="XML Catalog File (see http://www.oasis-open.org/committees/entity/spec-2001-08-06.html) - Created By Protege 4" prefer="public" xmlns="urn:oasis:names:tc:entity:xmlns:xml:catalog">
    <group id="Folder Repository, directory=/Users/simon/dev/cto_norm/Workflow/owl, Auto-Update=true" prefer="public" xml:base="">
        <uri id="Automatically generated entry, Timestamp=1288102182727" name="http://www.gong.manchester.ac.uk/ro.owl" uri="ro.owl"/>
        <uri id="Automatically generated entry, Timestamp=1288102182727" name="http://www.gong.manchester.ac.uk/pato.owl" uri="pato.owl"/>
        <uri id="Automatically generated entry, Timestamp=1288102182727" name="http://www.gong.manchester.ac.uk/go.owl" uri="go.owl"/>
        <uri id="Automatically generated entry, Timestamp=1288102182727" name="http://www.gong.manchester.ac.uk/fma.owl" uri="fma.owl"/>
        <uri id="Automatically generated entry, Timestamp=1291215377693" name="http://www.gong.manchester.ac.uk/cto_norm.owl" uri="cto_norm.owl"/>
        <uri id="Automatically generated entry, Timestamp=1291215377693" name="http://www.gong.manchester.ac.uk/cto_norm.owl" uri="cto_norm_changes.owl"/>
    </group>
</catalog>
